user,ngo_id,amount,timestamp
user1,ngo1,1000,2025-04-16T23:26:43.094429
user2,ngo2,500,2025-04-16T23:26:43.094429
user3,ngo1,200,2025-04-16T23:27:43.094429
user4,ngo3,300,2025-04-16T23:28:43.094429
user5,ngo4,1500,2025-04-16T23:29:43.094429
user6,ngo5,700,2025-04-16T23:30:43.094429
user7,ngo1,350,2025-04-16T23:31:43.094429
user8,ngo2,100,2025-04-16T23:32:43.094429
user9,ngo3,1200,2025-04-16T23:33:43.094429
user10,ngo4,450,2025-04-16T23:34:43.094429
user11,ngo5,900,2025-04-16T23:35:43.094429
user12,ngo6,650,2025-04-16T23:36:43.094429
user13,ngo7,1100,2025-04-16T23:37:43.094429
user14,ngo8,200,2025-04-16T23:38:43.094429
user15,ngo9,500,2025-04-16T23:39:43.094429
user16,ngo10,1300,2025-04-16T23:40:43.094429
user17,ngo11,250,2025-04-16T23:41:43.094429
user18,ngo12,600,2025-04-16T23:42:43.094429
user19,ngo13,300,2025-04-16T23:43:43.094429
user20,ngo14,550,2025-04-16T23:44:43.094429
user21,ngo15,1400,2025-04-16T23:45:43.094429
user22,ngo16,100,2025-04-16T23:46:43.094429
user23,ngo17,800,2025-04-16T23:47:43.094429
user24,ngo18,200,2025-04-16T23:48:43.094429
user25,ngo19,900,2025-04-16T23:49:43.094429
user26,ngo20,1000,2025-04-16T23:50:43.094429
user27,ngo21,1200,2025-04-16T23:51:43.094429
user28,ngo22,500,2025-04-16T23:52:43.094429
user29,ngo23,1300,2025-04-16T23:53:43.094429
user30,ngo24,700,2025-04-16T23:54:43.094429
user31,ngo25,400,2025-04-16T23:55:43.094429
user32,ngo26,250,2025-04-16T23:56:43.094429
user33,ngo27,1500,2025-04-16T23:57:43.094429
user34,ngo28,600,2025-04-16T23:58:43.094429
user35,ngo29,400,2025-04-16T23:59:43.094429
user36,ngo30,850,2025-04-17T00:00:43.094429
user37,ngo31,1100,2025-04-17T00:01:43.094429
user38,ngo32,900,2025-04-17T00:02:43.094429
user39,ngo33,700,2025-04-17T00:03:43.094429
user40,ngo34,950,2025-04-17T00:04:43.094429
user41,ngo35,500,2025-04-17T00:05:43.094429
user42,ngo36,650,2025-04-17T00:06:43.094429
user43,ngo37,1200,2025-04-17T00:07:43.094429
user44,ngo38,550,2025-04-17T00:08:43.094429
user45,ngo39,900,2025-04-17T00:09:43.094429
user46,ngo40,100,2025-04-17T00:10:43.094429
user47,ngo41,300,2025-04-17T00:11:43.094429
user48,ngo42,1000,2025-04-17T00:12:43.094429
user49,ngo43,700,2025-04-17T00:13:43.094429
user50,ngo44,400,2025-04-17T00:14:43.094429
user51,ngo45,1500,2025-04-17T00:15:43.094429
user52,ngo46,500,2025-04-17T00:16:43.094429
user53,ngo47,300,2025-04-17T00:17:43.094429
user54,ngo48,1200,2025-04-17T00:18:43.094429
user55,ngo49,800,2025-04-17T00:19:43.094429
user56,ngo50,200,2025-04-17T00:20:43.094429
user57,ngo1,750,2025-04-17T00:21:43.094429
user58,ngo2,1200,2025-04-17T00:22:43.094429
user59,ngo3,1000,2025-04-17T00:23:43.094429
user60,ngo4,2000,2025-04-17T00:24:43.094429
user61,ngo5,1500,2025-04-17T00:25:43.094429
user62,ngo6,400,2025-04-17T00:26:43.094429
user63,ngo7,950,2025-04-17T00:27:43.094429
user64,ngo8,550,2025-04-17T00:28:43.094429
user65,ngo9,1200,2025-04-17T00:29:43.094429
user66,ngo10,800,2025-04-17T00:30:43.094429
user67,ngo11,1500,2025-04-17T00:31:43.094429
user68,ngo12,650,2025-04-17T00:32:43.094429
user69,ngo13,400,2025-04-17T00:33:43.094429
user70,ngo14,700,2025-04-17T00:34:43.094429
user71,ngo15,300,2025-04-17T00:35:43.094429
user72,ngo16,1000,2025-04-17T00:36:43.094429
user73,ngo17,1200,2025-04-17T00:37:43.094429
user74,ngo18,850,2025-04-17T00:38:43.094429
user75,ngo19,500,2025-04-17T00:39:43.094429
user76,ngo20,650,2025-04-17T00:40:43.094429
user77,ngo21,900,2025-04-17T00:41:43.094429
user1,ngo47,1,2025-04-17T16:36:16.831070
